{
  "project_info": {
    "project_number": "543325912505",
    "firebase_url": "https://mini-projet-m2-21527.firebaseio.com",
    "project_id": "mini-projet-m2-21527",
    "storage_bucket": "mini-projet-m2-21527.appspot.com"
  },
  "client": [
    {
      "client_info": {
        "mobilesdk_app_id": "1:543325912505:android:f3112dead16e9e11",
        "android_client_info": {
          "package_name": "com.m2dl.miniprojet.mini_projet_m2"
        }
      },
      "oauth_client": [
        {
          "client_id": "543325912505-hb31rdjdcd2nhptsovet0m34nuc4jrho.apps.googleusercontent.com",
          "client_type": 1,
          "android_info": {
            "package_name": "com.m2dl.miniprojet.mini_projet_m2",
            "certificate_hash": "59deabb1dbea0a3f3e0ab5751bb406ac426f603c"
          }
        },
        {
          "client_id": "543325912505-q9h24eojta760lsmk7e3vk02o0g99q4s.apps.googleusercontent.com",
          "client_type": 3
        }
      ],
      "api_key": [
        {
          "current_key": "AIzaSyB_q8d5WYUs4kHIfV_SIAVFx8m0riAgv20"
        }
      ],
      "services": {
        "analytics_service": {
          "status": 1
        },
        "appinvite_service": {
          "status": 2,
          "other_platform_oauth_client": [
            {
              "client_id": "543325912505-q9h24eojta760lsmk7e3vk02o0g99q4s.apps.googleusercontent.com",
              "client_type": 3
            }
          ]
        },
        "ads_service": {
          "status": 2
        }
      }
    },
    {
      "client_info": {
        "mobilesdk_app_id": "1:543325912505:android:3174d55733148b73",
        "android_client_info": {
          "package_name": "com.example.matteo.mini_projet_android"
        }
      },
      "oauth_client": [
        {
          "client_id": "543325912505-gi60nivcub3lvlagt34gp9nooum3tga1.apps.googleusercontent.com",
          "client_type": 1,
          "android_info": {
            "package_name": "com.example.matteo.mini_projet_android",
            "certificate_hash": "458b41ee46a85732e3514e49c4633b7fa63c5c0f"
          }
        },
        {
          "client_id": "543325912505-q9h24eojta760lsmk7e3vk02o0g99q4s.apps.googleusercontent.com",
          "client_type": 3
        }
      ],
      "api_key": [
        {
          "current_key": "AIzaSyB_q8d5WYUs4kHIfV_SIAVFx8m0riAgv20"
        }
      ],
      "services": {
        "analytics_service": {
          "status": 1
        },
        "appinvite_service": {
          "status": 2,
          "other_platform_oauth_client": [
            {
              "client_id": "543325912505-q9h24eojta760lsmk7e3vk02o0g99q4s.apps.googleusercontent.com",
              "client_type": 3
            }
          ]
        },
        "ads_service": {
          "status": 2
        }
      }
    }
  ],
  "configuration_version": "1"
}